source_id,target_id,source_case,target_case,source_country,target_country,weight,relation_reasons,source_longitude,source_latitude,target_longitude,target_latitude
7265,6462,"Bratislava LNG terminal cancellation, Slovakia","NextDecade Liquid Natural Gas (LNG) Terminal, Cork, Ireland",Slovakia,Ireland,11,same_core_group:Europe; same_supply_role:Import / regasification; same_infrastructure:LNG terminal; same_status:Cancelled / suspended; same_eu_link; shared_impacts:[object Object]; shared_groups:Local residents,17.107748,48.148598,-8.326987603,51.837827994
7077,6465,"Floating Storage and Regasification Unit in the port of Piombino, Italy","Le Havre LNG Floating Storage and Regasification Unit, France",Italy,France,11,same_core_group:Europe; same_supply_role:Import / regasification; same_infrastructure:FSRU; same_status:Operating; same_eu_link; shared_groups:Local residents|Workers,10.559038062,42.93942814,0.188992,49.467955
5825,4856,"Novatek's two gas fields in Yamalsky nature reserve, Yamal, Russia","Yamal Mega natural gas project, Arctic Russia",Russia,Russia,11,same_core_group:Russia; same_supply_role:Export / extraction; same_infrastructure:Extraction / gas field; same_eu_link; shared_impacts:[object Object]; shared_groups:Indigenous communities|Local residents,70.78,68.01,68.492,70.375
6949,6785,"Occupation in 2023 of Fluxys' LNG terminal in Zeebrugge, Belgium","Liquefied Natural Gas (LNG) Terminal in Sagunto, Spain",Belgium,Spain,11,same_core_group:Europe; same_supply_role:Import / regasification; same_infrastructure:LNG terminal; same_status:Operating; same_eu_link; shared_impacts:[object Object]; shared_groups:Local residents,3.21622,51.352316,-0.2152,39.6329
7241,6785,"Protests in Huelva against the use of liquefied gas, Spain","Liquefied Natural Gas (LNG) Terminal in Sagunto, Spain",Spain,Spain,11,same_core_group:Europe; same_supply_role:Import / regasification; same_infrastructure:LNG terminal; same_status:Operating; same_eu_link; shared_impacts:[object Object]; shared_groups:Local residents,-6.95022583,37.251100652,-0.2152,39.6329
7241,6949,"Protests in Huelva against the use of liquefied gas, Spain","Occupation in 2023 of Fluxys' LNG terminal in Zeebrugge, Belgium",Spain,Belgium,11,same_core_group:Europe; same_supply_role:Import / regasification; same_infrastructure:LNG terminal; same_status:Operating; same_eu_link; shared_impacts:[object Object]; shared_groups:Local residents,-6.95022583,37.251100652,3.21622,51.352316
7265,2585,"Bratislava LNG terminal cancellation, Slovakia","LNG Shannon terminal, Ireland",Slovakia,Ireland,10,same_core_group:Europe; same_supply_role:Import / regasification; same_infrastructure:LNG terminal; same_status:Cancelled / suspended; same_eu_link; shared_groups:Local residents,17.107748,48.148598,-9.44343,52.57947
7265,6785,"Bratislava LNG terminal cancellation, Slovakia","Liquefied Natural Gas (LNG) Terminal in Sagunto, Spain",Slovakia,Spain,10,same_core_group:Europe; same_supply_role:Import / regasification; same_infrastructure:LNG terminal; same_eu_link; shared_impacts:[object Object]; shared_groups:Local residents,17.107748,48.148598,-0.2152,39.6329
7265,6949,"Bratislava LNG terminal cancellation, Slovakia","Occupation in 2023 of Fluxys' LNG terminal in Zeebrugge, Belgium",Slovakia,Belgium,10,same_core_group:Europe; same_supply_role:Import / regasification; same_infrastructure:LNG terminal; same_eu_link; shared_impacts:[object Object]; shared_groups:Local residents,17.107748,48.148598,3.21622,51.352316
7265,6463,"Bratislava LNG terminal cancellation, Slovakia","Rügen LNG import terminal, Germany",Slovakia,Germany,10,same_core_group:Europe; same_supply_role:Import / regasification; same_infrastructure:LNG terminal; same_eu_link; shared_impacts:[object Object]; shared_groups:Local residents,17.107748,48.148598,13.587524,54.483347
6749,6721,"Cove Point LNG export terminal, USA","LNG terminal development at a contaminated DuPont Chemical Site, Greenwich Township, New Jersey",United States,United States,10,same_core_group:US East Coast (provisional); same_supply_role:Export / extraction; same_infrastructure:LNG terminal; same_eu_link; shared_impacts:[object Object]; shared_groups:Local residents,-76.410427259,38.388170036,-75.292667,39.829111
7077,6785,"Floating Storage and Regasification Unit in the port of Piombino, Italy","Liquefied Natural Gas (LNG) Terminal in Sagunto, Spain",Italy,Spain,10,same_core_group:Europe; same_supply_role:Import / regasification; same_status:Operating; same_eu_link; shared_impacts:[object Object]; shared_groups:Local residents|Workers,10.559038062,42.93942814,-0.2152,39.6329
7077,6631,"Floating Storage and Regasification Unit in the port of Piombino, Italy","Predator's 'Mag Mell'  LNG Floating Storage and Regasification Unit (FSRU), Cork, Ireland",Italy,Ireland,10,same_core_group:Europe; same_supply_role:Import / regasification; same_infrastructure:FSRU; same_eu_link; shared_impacts:[object Object]; shared_groups:Local residents,10.559038062,42.93942814,-8.280944824,51.541210613
6785,6284,"Liquefied Natural Gas (LNG) Terminal in Sagunto, Spain","Brunsbüttel LNG Terminal, Germany",Spain,Germany,10,same_core_group:Europe; same_supply_role:Import / regasification; same_infrastructure:LNG terminal; same_status:Operating; same_eu_link; shared_groups:Local residents,-0.2152,39.6329,9.188318543,53.894965175
6785,6462,"Liquefied Natural Gas (LNG) Terminal in Sagunto, Spain","NextDecade Liquid Natural Gas (LNG) Terminal, Cork, Ireland",Spain,Ireland,10,same_core_group:Europe; same_supply_role:Import / regasification; same_infrastructure:LNG terminal; same_eu_link; shared_impacts:[object Object]; shared_groups:Local residents,-0.2152,39.6329,-8.326987603,51.837827994
6785,6463,"Liquefied Natural Gas (LNG) Terminal in Sagunto, Spain","Rügen LNG import terminal, Germany",Spain,Germany,10,same_core_group:Europe; same_supply_role:Import / regasification; same_infrastructure:LNG terminal; same_eu_link; shared_impacts:[object Object]; shared_groups:Local residents,-0.2152,39.6329,13.587524,54.483347
6462,2585,"NextDecade Liquid Natural Gas (LNG) Terminal, Cork, Ireland","LNG Shannon terminal, Ireland",Ireland,Ireland,10,same_core_group:Europe; same_supply_role:Import / regasification; same_infrastructure:LNG terminal; same_status:Cancelled / suspended; same_eu_link; shared_groups:Local residents,-8.326987603,51.837827994,-9.44343,52.57947
6949,6284,"Occupation in 2023 of Fluxys' LNG terminal in Zeebrugge, Belgium","Brunsbüttel LNG Terminal, Germany",Belgium,Germany,10,same_core_group:Europe; same_supply_role:Import / regasification; same_infrastructure:LNG terminal; same_status:Operating; same_eu_link; shared_groups:Local residents,3.21622,51.352316,9.188318543,53.894965175
6949,6462,"Occupation in 2023 of Fluxys' LNG terminal in Zeebrugge, Belgium","NextDecade Liquid Natural Gas (LNG) Terminal, Cork, Ireland",Belgium,Ireland,10,same_core_group:Europe; same_supply_role:Import / regasification; same_infrastructure:LNG terminal; same_eu_link; shared_impacts:[object Object]; shared_groups:Local residents,3.21622,51.352316,-8.326987603,51.837827994
6949,6463,"Occupation in 2023 of Fluxys' LNG terminal in Zeebrugge, Belgium","Rügen LNG import terminal, Germany",Belgium,Germany,10,same_core_group:Europe; same_supply_role:Import / regasification; same_infrastructure:LNG terminal; same_eu_link; shared_impacts:[object Object]; shared_groups:Local residents,3.21622,51.352316,13.587524,54.483347
7241,7265,"Protests in Huelva against the use of liquefied gas, Spain","Bratislava LNG terminal cancellation, Slovakia",Spain,Slovakia,10,same_core_group:Europe; same_supply_role:Import / regasification; same_infrastructure:LNG terminal; same_eu_link; shared_impacts:[object Object]; shared_groups:Local residents,-6.95022583,37.251100652,17.107748,48.148598
7241,6284,"Protests in Huelva against the use of liquefied gas, Spain","Brunsbüttel LNG Terminal, Germany",Spain,Germany,10,same_core_group:Europe; same_supply_role:Import / regasification; same_infrastructure:LNG terminal; same_status:Operating; same_eu_link; shared_groups:Local residents,-6.95022583,37.251100652,9.188318543,53.894965175
7241,6462,"Protests in Huelva against the use of liquefied gas, Spain","NextDecade Liquid Natural Gas (LNG) Terminal, Cork, Ireland",Spain,Ireland,10,same_core_group:Europe; same_supply_role:Import / regasification; same_infrastructure:LNG terminal; same_eu_link; shared_impacts:[object Object]; shared_groups:Local residents,-6.95022583,37.251100652,-8.326987603,51.837827994
7241,6463,"Protests in Huelva against the use of liquefied gas, Spain","Rügen LNG import terminal, Germany",Spain,Germany,10,same_core_group:Europe; same_supply_role:Import / regasification; same_infrastructure:LNG terminal; same_eu_link; shared_impacts:[object Object]; shared_groups:Local residents,-6.95022583,37.251100652,13.587524,54.483347
6463,6462,"Rügen LNG import terminal, Germany","NextDecade Liquid Natural Gas (LNG) Terminal, Cork, Ireland",Germany,Ireland,10,same_core_group:Europe; same_supply_role:Import / regasification; same_infrastructure:LNG terminal; same_eu_link; shared_impacts:[object Object]; shared_groups:Local residents,13.587524,54.483347,-8.326987603,51.837827994
7265,6284,"Bratislava LNG terminal cancellation, Slovakia","Brunsbüttel LNG Terminal, Germany",Slovakia,Germany,9,same_core_group:Europe; same_supply_role:Import / regasification; same_infrastructure:LNG terminal; same_eu_link; shared_groups:Local residents,17.107748,48.148598,9.188318543,53.894965175
7077,6949,"Floating Storage and Regasification Unit in the port of Piombino, Italy","Occupation in 2023 of Fluxys' LNG terminal in Zeebrugge, Belgium",Italy,Belgium,9,same_core_group:Europe; same_supply_role:Import / regasification; same_status:Operating; same_eu_link; shared_impacts:[object Object]; shared_groups:Local residents,10.559038062,42.93942814,3.21622,51.352316
7077,6463,"Floating Storage and Regasification Unit in the port of Piombino, Italy","Rügen LNG import terminal, Germany",Italy,Germany,9,same_core_group:Europe; same_supply_role:Import / regasification; same_eu_link; shared_impacts:[object Object]; shared_groups:Fishing and coastal communities|Local residents,10.559038062,42.93942814,13.587524,54.483347
2678,1755,"Gas grabs, Algeria","Hassi R'Mel gas field, Algeria",Algeria,Algeria,9,same_core_group:Algeria; same_supply_role:Export / extraction; same_status:Operating; same_eu_link; shared_groups:Local residents; shared_companies:Sonatrach,3.06,36.77,3.271093,32.9395
2585,6284,"LNG Shannon terminal, Ireland","Brunsbüttel LNG Terminal, Germany",Ireland,Germany,9,same_core_group:Europe; same_supply_role:Import / regasification; same_infrastructure:LNG terminal; same_eu_link; shared_groups:Local residents,-9.44343,52.57947,9.188318543,53.894965175
6785,2585,"Liquefied Natural Gas (LNG) Terminal in Sagunto, Spain","LNG Shannon terminal, Ireland",Spain,Ireland,9,same_core_group:Europe; same_supply_role:Import / regasification; same_infrastructure:LNG terminal; same_eu_link; shared_groups:Local residents,-0.2152,39.6329,-9.44343,52.57947
6785,6465,"Liquefied Natural Gas (LNG) Terminal in Sagunto, Spain","Le Havre LNG Floating Storage and Regasification Unit, France",Spain,France,9,same_core_group:Europe; same_supply_role:Import / regasification; same_status:Operating; same_eu_link; shared_groups:Local residents|Workers,-0.2152,39.6329,0.188992,49.467955
5505,5825,"Liquefied natural gas project -LNG 2,  Gydan peninsula, Arctic Russia","Novatek's two gas fields in Yamalsky nature reserve, Yamal, Russia",Russia,Russia,9,same_core_group:Russia; same_supply_role:Export / extraction; same_eu_link; shared_impacts:[object Object]; shared_groups:Indigenous communities|Local residents,76.2,71.78,70.78,68.01
5505,4856,"Liquefied natural gas project -LNG 2,  Gydan peninsula, Arctic Russia","Yamal Mega natural gas project, Arctic Russia",Russia,Russia,9,same_core_group:Russia; same_supply_role:Export / extraction; same_eu_link; shared_impacts:[object Object]; shared_groups:Indigenous communities|Local residents,76.2,71.78,68.492,70.375
6462,6284,"NextDecade Liquid Natural Gas (LNG) Terminal, Cork, Ireland","Brunsbüttel LNG Terminal, Germany",Ireland,Germany,9,same_core_group:Europe; same_supply_role:Import / regasification; same_infrastructure:LNG terminal; same_eu_link; shared_groups:Local residents,-8.326987603,51.837827994,9.188318543,53.894965175
6949,2585,"Occupation in 2023 of Fluxys' LNG terminal in Zeebrugge, Belgium","LNG Shannon terminal, Ireland",Belgium,Ireland,9,same_core_group:Europe; same_supply_role:Import / regasification; same_infrastructure:LNG terminal; same_eu_link; shared_groups:Local residents,3.21622,51.352316,-9.44343,52.57947
6631,6465,"Predator's 'Mag Mell'  LNG Floating Storage and Regasification Unit (FSRU), Cork, Ireland","Le Havre LNG Floating Storage and Regasification Unit, France",Ireland,France,9,same_core_group:Europe; same_supply_role:Import / regasification; same_infrastructure:FSRU; same_eu_link; shared_groups:Local residents,-8.280944824,51.541210613,0.188992,49.467955
7241,7077,"Protests in Huelva against the use of liquefied gas, Spain","Floating Storage and Regasification Unit in the port of Piombino, Italy",Spain,Italy,9,same_core_group:Europe; same_supply_role:Import / regasification; same_status:Operating; same_eu_link; shared_impacts:[object Object]; shared_groups:Local residents,-6.95022583,37.251100652,10.559038062,42.93942814
7241,2585,"Protests in Huelva against the use of liquefied gas, Spain","LNG Shannon terminal, Ireland",Spain,Ireland,9,same_core_group:Europe; same_supply_role:Import / regasification; same_infrastructure:LNG terminal; same_eu_link; shared_groups:Local residents,-6.95022583,37.251100652,-9.44343,52.57947
6463,6284,"Rügen LNG import terminal, Germany","Brunsbüttel LNG Terminal, Germany",Germany,Germany,9,same_core_group:Europe; same_supply_role:Import / regasification; same_infrastructure:LNG terminal; same_eu_link; shared_groups:Local residents,13.587524,54.483347,9.188318543,53.894965175
6463,2585,"Rügen LNG import terminal, Germany","LNG Shannon terminal, Ireland",Germany,Ireland,9,same_core_group:Europe; same_supply_role:Import / regasification; same_infrastructure:LNG terminal; same_eu_link; shared_groups:Local residents,13.587524,54.483347,-9.44343,52.57947
7048,7023,"Washington Park and South Providence Residents Oppose Allens Avenue Waste Transfer Station, RI, USA","No LNG in PVD Opposes National Grid Liquefaction Project, RI, US",United States,United States,9,same_core_group:US East Coast (provisional); same_supply_role:Export / extraction; same_infrastructure:Liquefaction / export facility; same_eu_link; shared_groups:Local residents,-71.400876019,41.800615525,-71.393354675,41.797477536
7265,7077,"Bratislava LNG terminal cancellation, Slovakia","Floating Storage and Regasification Unit in the port of Piombino, Italy",Slovakia,Italy,8,same_core_group:Europe; same_supply_role:Import / regasification; same_eu_link; shared_impacts:[object Object]; shared_groups:Local residents,17.107748,48.148598,10.559038062,42.93942814
7265,6631,"Bratislava LNG terminal cancellation, Slovakia","Predator's 'Mag Mell'  LNG Floating Storage and Regasification Unit (FSRU), Cork, Ireland",Slovakia,Ireland,8,same_core_group:Europe; same_supply_role:Import / regasification; same_eu_link; shared_impacts:[object Object]; shared_groups:Local residents,17.107748,48.148598,-8.280944824,51.541210613
7077,6284,"Floating Storage and Regasification Unit in the port of Piombino, Italy","Brunsbüttel LNG Terminal, Germany",Italy,Germany,8,same_core_group:Europe; same_supply_role:Import / regasification; same_status:Operating; same_eu_link; shared_groups:Local residents,10.559038062,42.93942814,9.188318543,53.894965175
7077,6462,"Floating Storage and Regasification Unit in the port of Piombino, Italy","NextDecade Liquid Natural Gas (LNG) Terminal, Cork, Ireland",Italy,Ireland,8,same_core_group:Europe; same_supply_role:Import / regasification; same_eu_link; shared_impacts:[object Object]; shared_groups:Local residents,10.559038062,42.93942814,-8.326987603,51.837827994
6465,6284,"Le Havre LNG Floating Storage and Regasification Unit, France","Brunsbüttel LNG Terminal, Germany",France,Germany,8,same_core_group:Europe; same_supply_role:Import / regasification; same_status:Operating; same_eu_link; shared_groups:Local residents,0.188992,49.467955,9.188318543,53.894965175
6785,6631,"Liquefied Natural Gas (LNG) Terminal in Sagunto, Spain","Predator's 'Mag Mell'  LNG Floating Storage and Regasification Unit (FSRU), Cork, Ireland",Spain,Ireland,8,same_core_group:Europe; same_supply_role:Import / regasification; same_eu_link; shared_impacts:[object Object]; shared_groups:Local residents,-0.2152,39.6329,-8.280944824,51.541210613
7023,6749,"No LNG in PVD Opposes National Grid Liquefaction Project, RI, US","Cove Point LNG export terminal, USA",United States,United States,8,same_core_group:US East Coast (provisional); same_supply_role:Export / extraction; same_status:Operating; same_eu_link; shared_groups:Local residents,-71.393354675,41.797477536,-76.410427259,38.388170036
6949,6465,"Occupation in 2023 of Fluxys' LNG terminal in Zeebrugge, Belgium","Le Havre LNG Floating Storage and Regasification Unit, France",Belgium,France,8,same_core_group:Europe; same_supply_role:Import / regasification; same_status:Operating; same_eu_link; shared_groups:Local residents,3.21622,51.352316,0.188992,49.467955
6949,6631,"Occupation in 2023 of Fluxys' LNG terminal in Zeebrugge, Belgium","Predator's 'Mag Mell'  LNG Floating Storage and Regasification Unit (FSRU), Cork, Ireland",Belgium,Ireland,8,same_core_group:Europe; same_supply_role:Import / regasification; same_eu_link; shared_impacts:[object Object]; shared_groups:Local residents,3.21622,51.352316,-8.280944824,51.541210613
6631,2585,"Predator's 'Mag Mell'  LNG Floating Storage and Regasification Unit (FSRU), Cork, Ireland","LNG Shannon terminal, Ireland",Ireland,Ireland,8,same_core_group:Europe; same_supply_role:Import / regasification; same_eu_link; shared_groups:Farmers|Local residents,-8.280944824,51.541210613,-9.44343,52.57947
6631,6462,"Predator's 'Mag Mell'  LNG Floating Storage and Regasification Unit (FSRU), Cork, Ireland","NextDecade Liquid Natural Gas (LNG) Terminal, Cork, Ireland",Ireland,Ireland,8,same_core_group:Europe; same_supply_role:Import / regasification; same_eu_link; shared_impacts:[object Object]; shared_groups:Local residents,-8.280944824,51.541210613,-8.326987603,51.837827994
6631,6463,"Predator's 'Mag Mell'  LNG Floating Storage and Regasification Unit (FSRU), Cork, Ireland","Rügen LNG import terminal, Germany",Ireland,Germany,8,same_core_group:Europe; same_supply_role:Import / regasification; same_eu_link; shared_impacts:[object Object]; shared_groups:Local residents,-8.280944824,51.541210613,13.587524,54.483347
6631,4847,"Predator's 'Mag Mell'  LNG Floating Storage and Regasification Unit (FSRU), Cork, Ireland","Skulte LNG Terminal and Pipeline, Latvia",Ireland,Latvia,8,same_core_group:Europe; same_supply_role:Import / regasification; same_status:Planned; same_eu_link; shared_groups:Local residents,-8.280944824,51.541210613,24.395828247,57.316325944
7241,6465,"Protests in Huelva against the use of liquefied gas, Spain","Le Havre LNG Floating Storage and Regasification Unit, France",Spain,France,8,same_core_group:Europe; same_supply_role:Import / regasification; same_status:Operating; same_eu_link; shared_groups:Local residents,-6.95022583,37.251100652,0.188992,49.467955
7241,6631,"Protests in Huelva against the use of liquefied gas, Spain","Predator's 'Mag Mell'  LNG Floating Storage and Regasification Unit (FSRU), Cork, Ireland",Spain,Ireland,8,same_core_group:Europe; same_supply_role:Import / regasification; same_eu_link; shared_impacts:[object Object]; shared_groups:Local residents,-6.95022583,37.251100652,-8.280944824,51.541210613
4879,4856,"Sabetta port, Arctic Russia","Yamal Mega natural gas project, Arctic Russia",Russia,Russia,8,same_core_group:Russia; same_status:Operating; same_eu_link; shared_impacts:[object Object]; shared_groups:Local residents; shared_companies:Gazprom,72.11,71.25,68.492,70.375
7048,6749,"Washington Park and South Providence Residents Oppose Allens Avenue Waste Transfer Station, RI, USA","Cove Point LNG export terminal, USA",United States,United States,8,same_core_group:US East Coast (provisional); same_supply_role:Export / extraction; same_eu_link; shared_impacts:[object Object]; shared_groups:Local residents,-71.400876019,41.800615525,-76.410427259,38.388170036
7048,6721,"Washington Park and South Providence Residents Oppose Allens Avenue Waste Transfer Station, RI, USA","LNG terminal development at a contaminated DuPont Chemical Site, Greenwich Township, New Jersey",United States,United States,8,same_core_group:US East Coast (provisional); same_supply_role:Export / extraction; same_eu_link; shared_impacts:[object Object]; shared_groups:Local residents,-71.400876019,41.800615525,-75.292667,39.829111
4856,1755,"Yamal Mega natural gas project, Arctic Russia","Hassi R'Mel gas field, Algeria",Russia,Algeria,8,same_supply_role:Export / extraction; same_infrastructure:Extraction / gas field; same_status:Operating; same_eu_link; shared_impacts:[object Object]; shared_groups:Local residents,68.492,70.375,3.271093,32.9395
7265,6465,"Bratislava LNG terminal cancellation, Slovakia","Le Havre LNG Floating Storage and Regasification Unit, France",Slovakia,France,7,same_core_group:Europe; same_supply_role:Import / regasification; same_eu_link; shared_groups:Local residents,17.107748,48.148598,0.188992,49.467955
7265,4847,"Bratislava LNG terminal cancellation, Slovakia","Skulte LNG Terminal and Pipeline, Latvia",Slovakia,Latvia,7,same_core_group:Europe; same_supply_role:Import / regasification; same_eu_link; shared_groups:Local residents,17.107748,48.148598,24.395828247,57.316325944
6284,4847,"Brunsbüttel LNG Terminal, Germany","Skulte LNG Terminal and Pipeline, Latvia",Germany,Latvia,7,same_core_group:Europe; same_supply_role:Import / regasification; same_eu_link; shared_groups:Local residents,9.188318543,53.894965175,24.395828247,57.316325944
7077,2585,"Floating Storage and Regasification Unit in the port of Piombino, Italy","LNG Shannon terminal, Ireland",Italy,Ireland,7,same_core_group:Europe; same_supply_role:Import / regasification; same_eu_link; shared_groups:Local residents,10.559038062,42.93942814,-9.44343,52.57947
7077,4847,"Floating Storage and Regasification Unit in the port of Piombino, Italy","Skulte LNG Terminal and Pipeline, Latvia",Italy,Latvia,7,same_core_group:Europe; same_supply_role:Import / regasification; same_eu_link; shared_groups:Local residents,10.559038062,42.93942814,24.395828247,57.316325944
2585,4847,"LNG Shannon terminal, Ireland","Skulte LNG Terminal and Pipeline, Latvia",Ireland,Latvia,7,same_core_group:Europe; same_supply_role:Import / regasification; same_eu_link; shared_groups:Local residents,-9.44343,52.57947,24.395828247,57.316325944
6465,2585,"Le Havre LNG Floating Storage and Regasification Unit, France","LNG Shannon terminal, Ireland",France,Ireland,7,same_core_group:Europe; same_supply_role:Import / regasification; same_eu_link; shared_groups:Local residents,0.188992,49.467955,-9.44343,52.57947
6465,6462,"Le Havre LNG Floating Storage and Regasification Unit, France","NextDecade Liquid Natural Gas (LNG) Terminal, Cork, Ireland",France,Ireland,7,same_core_group:Europe; same_supply_role:Import / regasification; same_eu_link; shared_groups:Local residents,0.188992,49.467955,-8.326987603,51.837827994
6465,4847,"Le Havre LNG Floating Storage and Regasification Unit, France","Skulte LNG Terminal and Pipeline, Latvia",France,Latvia,7,same_core_group:Europe; same_supply_role:Import / regasification; same_eu_link; shared_groups:Local residents,0.188992,49.467955,24.395828247,57.316325944
6785,4847,"Liquefied Natural Gas (LNG) Terminal in Sagunto, Spain","Skulte LNG Terminal and Pipeline, Latvia",Spain,Latvia,7,same_core_group:Europe; same_supply_role:Import / regasification; same_eu_link; shared_groups:Local residents,-0.2152,39.6329,24.395828247,57.316325944
5505,4879,"Liquefied natural gas project -LNG 2,  Gydan peninsula, Arctic Russia","Sabetta port, Arctic Russia",Russia,Russia,7,same_core_group:Russia; same_eu_link; shared_impacts:[object Object]; shared_groups:Local residents; shared_companies:Novatek,76.2,71.78,72.11,71.25
6212,3743,"Local Residents Protest Sea-3 Liquid Propane Gas Expansion, Providence, Rhode Island, USA","New Hampshire's Granite Bridge Gas Pipeline, United States",United States,United States,7,same_core_group:US East Coast (provisional); same_status:Planned; same_eu_link; shared_impacts:[object Object]; shared_groups:Local residents,-71.384557486,41.791048761,-71.0705,43.037
6462,4847,"NextDecade Liquid Natural Gas (LNG) Terminal, Cork, Ireland","Skulte LNG Terminal and Pipeline, Latvia",Ireland,Latvia,7,same_core_group:Europe; same_supply_role:Import / regasification; same_eu_link; shared_groups:Local residents,-8.326987603,51.837827994,24.395828247,57.316325944
7023,6721,"No LNG in PVD Opposes National Grid Liquefaction Project, RI, US","LNG terminal development at a contaminated DuPont Chemical Site, Greenwich Township, New Jersey",United States,United States,7,same_core_group:US East Coast (provisional); same_supply_role:Export / extraction; same_eu_link; shared_groups:Local residents,-71.393354675,41.797477536,-75.292667,39.829111
5825,1755,"Novatek's two gas fields in Yamalsky nature reserve, Yamal, Russia","Hassi R'Mel gas field, Algeria",Russia,Algeria,7,same_supply_role:Export / extraction; same_infrastructure:Extraction / gas field; same_eu_link; shared_impacts:[object Object]; shared_groups:Local residents,70.78,68.01,3.271093,32.9395
6949,4847,"Occupation in 2023 of Fluxys' LNG terminal in Zeebrugge, Belgium","Skulte LNG Terminal and Pipeline, Latvia",Belgium,Latvia,7,same_core_group:Europe; same_supply_role:Import / regasification; same_eu_link; shared_groups:Local residents,3.21622,51.352316,24.395828247,57.316325944
6631,6284,"Predator's 'Mag Mell'  LNG Floating Storage and Regasification Unit (FSRU), Cork, Ireland","Brunsbüttel LNG Terminal, Germany",Ireland,Germany,7,same_core_group:Europe; same_supply_role:Import / regasification; same_eu_link; shared_groups:Local residents,-8.280944824,51.541210613,9.188318543,53.894965175
7241,4847,"Protests in Huelva against the use of liquefied gas, Spain","Skulte LNG Terminal and Pipeline, Latvia",Spain,Latvia,7,same_core_group:Europe; same_supply_role:Import / regasification; same_eu_link; shared_groups:Local residents,-6.95022583,37.251100652,24.395828247,57.316325944
6463,6465,"Rügen LNG import terminal, Germany","Le Havre LNG Floating Storage and Regasification Unit, France",Germany,France,7,same_core_group:Europe; same_supply_role:Import / regasification; same_eu_link; shared_groups:Local residents,13.587524,54.483347,0.188992,49.467955
6463,4968,"Rügen LNG import terminal, Germany","Protests against floating LNG terminal, Krk island, Croatia",Germany,Croatia,7,same_core_group:Europe; same_status:Under construction; same_eu_link; shared_impacts:[object Object]; shared_groups:Local residents,13.587524,54.483347,14.605,45.016
6463,4847,"Rügen LNG import terminal, Germany","Skulte LNG Terminal and Pipeline, Latvia",Germany,Latvia,7,same_core_group:Europe; same_supply_role:Import / regasification; same_eu_link; shared_groups:Local residents,13.587524,54.483347,24.395828247,57.316325944
7265,4968,"Bratislava LNG terminal cancellation, Slovakia","Protests against floating LNG terminal, Krk island, Croatia",Slovakia,Croatia,6,same_core_group:Europe; same_eu_link; shared_impacts:[object Object]; shared_groups:Local residents,17.107748,48.148598,14.605,45.016
6749,6212,"Cove Point LNG export terminal, USA","Local Residents Protest Sea-3 Liquid Propane Gas Expansion, Providence, Rhode Island, USA",United States,United States,6,same_core_group:US East Coast (provisional); same_eu_link; shared_impacts:[object Object]; shared_groups:Local residents,-76.410427259,38.388170036,-71.384557486,41.791048761
6749,3743,"Cove Point LNG export terminal, USA","New Hampshire's Granite Bridge Gas Pipeline, United States",United States,United States,6,same_core_group:US East Coast (provisional); same_eu_link; shared_impacts:[object Object]; shared_groups:Local residents,-76.410427259,38.388170036,-71.0705,43.037
7077,4968,"Floating Storage and Regasification Unit in the port of Piombino, Italy","Protests against floating LNG terminal, Krk island, Croatia",Italy,Croatia,6,same_core_group:Europe; same_eu_link; shared_impacts:[object Object]; shared_groups:Local residents,10.559038062,42.93942814,14.605,45.016
6721,6212,"LNG terminal development at a contaminated DuPont Chemical Site, Greenwich Township, New Jersey","Local Residents Protest Sea-3 Liquid Propane Gas Expansion, Providence, Rhode Island, USA",United States,United States,6,same_core_group:US East Coast (provisional); same_eu_link; shared_impacts:[object Object]; shared_groups:Local residents,-75.292667,39.829111,-71.384557486,41.791048761
6721,3743,"LNG terminal development at a contaminated DuPont Chemical Site, Greenwich Township, New Jersey","New Hampshire's Granite Bridge Gas Pipeline, United States",United States,United States,6,same_core_group:US East Coast (provisional); same_eu_link; shared_impacts:[object Object]; shared_groups:Local residents,-75.292667,39.829111,-71.0705,43.037
6785,4968,"Liquefied Natural Gas (LNG) Terminal in Sagunto, Spain","Protests against floating LNG terminal, Krk island, Croatia",Spain,Croatia,6,same_core_group:Europe; same_eu_link; shared_impacts:[object Object]; shared_groups:Local residents,-0.2152,39.6329,14.605,45.016
6462,4968,"NextDecade Liquid Natural Gas (LNG) Terminal, Cork, Ireland","Protests against floating LNG terminal, Krk island, Croatia",Ireland,Croatia,6,same_core_group:Europe; same_eu_link; shared_impacts:[object Object]; shared_groups:Local residents,-8.326987603,51.837827994,14.605,45.016
7023,5505,"No LNG in PVD Opposes National Grid Liquefaction Project, RI, US","Liquefied natural gas project -LNG 2,  Gydan peninsula, Arctic Russia",United States,Russia,6,same_supply_role:Export / extraction; same_infrastructure:Liquefaction / export facility; shared_groups:Indigenous communities|Local residents,-71.393354675,41.797477536,76.2,71.78
7023,3743,"No LNG in PVD Opposes National Grid Liquefaction Project, RI, US","New Hampshire's Granite Bridge Gas Pipeline, United States",United States,United States,6,same_core_group:US East Coast (provisional); same_eu_link; shared_groups:Local residents|Women,-71.393354675,41.797477536,-71.0705,43.037
6949,4968,"Occupation in 2023 of Fluxys' LNG terminal in Zeebrugge, Belgium","Protests against floating LNG terminal, Krk island, Croatia",Belgium,Croatia,6,same_core_group:Europe; same_eu_link; shared_impacts:[object Object]; shared_groups:Local residents,3.21622,51.352316,14.605,45.016
6631,4968,"Predator's 'Mag Mell'  LNG Floating Storage and Regasification Unit (FSRU), Cork, Ireland","Protests against floating LNG terminal, Krk island, Croatia",Ireland,Croatia,6,same_core_group:Europe; same_eu_link; shared_impacts:[object Object]; shared_groups:Local residents,-8.280944824,51.541210613,14.605,45.016
7241,4968,"Protests in Huelva against the use of liquefied gas, Spain","Protests against floating LNG terminal, Krk island, Croatia",Spain,Croatia,6,same_core_group:Europe; same_eu_link; shared_impacts:[object Object]; shared_groups:Local residents,-6.95022583,37.251100652,14.605,45.016
4879,6212,"Sabetta port, Arctic Russia","Local Residents Protest Sea-3 Liquid Propane Gas Expansion, Providence, Rhode Island, USA",Russia,United States,6,same_supply_role:Broader gas / LNG context; same_infrastructure:Port / logistics hub; shared_impacts:[object Object]; shared_groups:Local residents,72.11,71.25,-71.384557486,41.791048761
4879,5825,"Sabetta port, Arctic Russia","Novatek's two gas fields in Yamalsky nature reserve, Yamal, Russia",Russia,Russia,6,same_core_group:Russia; same_eu_link; shared_impacts:[object Object]; shared_groups:Local residents,72.11,71.25,70.78,68.01
7048,5505,"Washington Park and South Providence Residents Oppose Allens Avenue Waste Transfer Station, RI, USA","Liquefied natural gas project -LNG 2,  Gydan peninsula, Arctic Russia",United States,Russia,6,same_supply_role:Export / extraction; same_infrastructure:Liquefaction / export facility; shared_impacts:[object Object]; shared_groups:Local residents,-71.400876019,41.800615525,76.2,71.78
7048,6212,"Washington Park and South Providence Residents Oppose Allens Avenue Waste Transfer Station, RI, USA","Local Residents Protest Sea-3 Liquid Propane Gas Expansion, Providence, Rhode Island, USA",United States,United States,6,same_core_group:US East Coast (provisional); same_eu_link; shared_impacts:[object Object]; shared_groups:Local residents,-71.400876019,41.800615525,-71.384557486,41.791048761
7048,3743,"Washington Park and South Providence Residents Oppose Allens Avenue Waste Transfer Station, RI, USA","New Hampshire's Granite Bridge Gas Pipeline, United States",United States,United States,6,same_core_group:US East Coast (provisional); same_eu_link; shared_impacts:[object Object]; shared_groups:Local residents,-71.400876019,41.800615525,-71.0705,43.037
6284,4968,"Brunsbüttel LNG Terminal, Germany","Protests against floating LNG terminal, Krk island, Croatia",Germany,Croatia,5,same_core_group:Europe; same_eu_link; shared_groups:Local residents,9.188318543,53.894965175,14.605,45.016
6749,1755,"Cove Point LNG export terminal, USA","Hassi R'Mel gas field, Algeria",United States,Algeria,5,same_supply_role:Export / extraction; same_status:Operating; shared_impacts:[object Object]; shared_groups:Local residents,-76.410427259,38.388170036,3.271093,32.9395
6749,5505,"Cove Point LNG export terminal, USA","Liquefied natural gas project -LNG 2,  Gydan peninsula, Arctic Russia",United States,Russia,5,same_supply_role:Export / extraction; shared_impacts:[object Object]; shared_groups:Fishing and coastal communities|Local residents,-76.410427259,38.388170036,76.2,71.78
6749,6686,"Cove Point LNG export terminal, USA","Ruwais LNG Terminal in Al Ruwais Industrial City, Abu Dhabi, United Arab Emirates",United States,United Arab Emirates,5,same_supply_role:Export / extraction; same_infrastructure:LNG terminal; shared_impacts:[object Object],-76.410427259,38.388170036,52.700810329,24.098781602
6749,6463,"Cove Point LNG export terminal, USA","Rügen LNG import terminal, Germany",United States,Germany,5,same_infrastructure:LNG terminal; shared_impacts:[object Object]; shared_groups:Fishing and coastal communities|Local residents,-76.410427259,38.388170036,13.587524,54.483347
6749,4856,"Cove Point LNG export terminal, USA","Yamal Mega natural gas project, Arctic Russia",United States,Russia,5,same_supply_role:Export / extraction; same_status:Operating; shared_impacts:[object Object]; shared_groups:Local residents,-76.410427259,38.388170036,68.492,70.375
2585,4968,"LNG Shannon terminal, Ireland","Protests against floating LNG terminal, Krk island, Croatia",Ireland,Croatia,5,same_core_group:Europe; same_eu_link; shared_groups:Local residents,-9.44343,52.57947,14.605,45.016
6721,5505,"LNG terminal development at a contaminated DuPont Chemical Site, Greenwich Township, New Jersey","Liquefied natural gas project -LNG 2,  Gydan peninsula, Arctic Russia",United States,Russia,5,same_supply_role:Export / extraction; same_status:Under construction; shared_impacts:[object Object]; shared_groups:Local residents,-75.292667,39.829111,76.2,71.78
6721,6686,"LNG terminal development at a contaminated DuPont Chemical Site, Greenwich Township, New Jersey","Ruwais LNG Terminal in Al Ruwais Industrial City, Abu Dhabi, United Arab Emirates",United States,United Arab Emirates,5,same_supply_role:Export / extraction; same_infrastructure:LNG terminal; shared_impacts:[object Object],-75.292667,39.829111,52.700810329,24.098781602
6721,6463,"LNG terminal development at a contaminated DuPont Chemical Site, Greenwich Township, New Jersey","Rügen LNG import terminal, Germany",United States,Germany,5,same_infrastructure:LNG terminal; same_status:Under construction; shared_impacts:[object Object]; shared_groups:Local residents,-75.292667,39.829111,13.587524,54.483347
6465,4968,"Le Havre LNG Floating Storage and Regasification Unit, France","Protests against floating LNG terminal, Krk island, Croatia",France,Croatia,5,same_core_group:Europe; same_eu_link; shared_groups:Local residents,0.188992,49.467955,14.605,45.016
6785,6749,"Liquefied Natural Gas (LNG) Terminal in Sagunto, Spain","Cove Point LNG export terminal, USA",Spain,United States,5,same_infrastructure:LNG terminal; same_status:Operating; shared_impacts:[object Object]; shared_groups:Local residents,-0.2152,39.6329,-76.410427259,38.388170036
5505,2678,"Liquefied natural gas project -LNG 2,  Gydan peninsula, Arctic Russia","Gas grabs, Algeria",Russia,Algeria,5,same_supply_role:Export / extraction; same_eu_link; shared_groups:Local residents; shared_companies:Total Nature Based Solutions,76.2,71.78,3.06,36.77
5505,1755,"Liquefied natural gas project -LNG 2,  Gydan peninsula, Arctic Russia","Hassi R'Mel gas field, Algeria",Russia,Algeria,5,same_supply_role:Export / extraction; same_eu_link; shared_impacts:[object Object]; shared_groups:Local residents,76.2,71.78,3.271093,32.9395
7023,6212,"No LNG in PVD Opposes National Grid Liquefaction Project, RI, US","Local Residents Protest Sea-3 Liquid Propane Gas Expansion, Providence, Rhode Island, USA",United States,United States,5,same_core_group:US East Coast (provisional); same_eu_link; shared_groups:Local residents,-71.393354675,41.797477536,-71.384557486,41.791048761
7023,4856,"No LNG in PVD Opposes National Grid Liquefaction Project, RI, US","Yamal Mega natural gas project, Arctic Russia",United States,Russia,5,same_supply_role:Export / extraction; same_status:Operating; shared_groups:Indigenous communities|Local residents,-71.393354675,41.797477536,68.492,70.375
6949,6749,"Occupation in 2023 of Fluxys' LNG terminal in Zeebrugge, Belgium","Cove Point LNG export terminal, USA",Belgium,United States,5,same_infrastructure:LNG terminal; same_status:Operating; shared_impacts:[object Object]; shared_groups:Local residents,3.21622,51.352316,-76.410427259,38.388170036
7241,6749,"Protests in Huelva against the use of liquefied gas, Spain","Cove Point LNG export terminal, USA",Spain,United States,5,same_infrastructure:LNG terminal; same_status:Operating; shared_impacts:[object Object]; shared_groups:Local residents,-6.95022583,37.251100652,-76.410427259,38.388170036
4879,2678,"Sabetta port, Arctic Russia","Gas grabs, Algeria",Russia,Algeria,5,same_infrastructure:Port / logistics hub; same_status:Operating; same_eu_link; shared_groups:Local residents,72.11,71.25,3.06,36.77
4847,4968,"Skulte LNG Terminal and Pipeline, Latvia","Protests against floating LNG terminal, Krk island, Croatia",Latvia,Croatia,5,same_core_group:Europe; same_eu_link; shared_groups:Local residents,24.395828247,57.316325944,14.605,45.016
4856,2678,"Yamal Mega natural gas project, Arctic Russia","Gas grabs, Algeria",Russia,Algeria,5,same_supply_role:Export / extraction; same_status:Operating; same_eu_link; shared_groups:Local residents,68.492,70.375,3.06,36.77
7265,6749,"Bratislava LNG terminal cancellation, Slovakia","Cove Point LNG export terminal, USA",Slovakia,United States,4,same_infrastructure:LNG terminal; shared_impacts:[object Object]; shared_groups:Local residents,17.107748,48.148598,-76.410427259,38.388170036
7265,6721,"Bratislava LNG terminal cancellation, Slovakia","LNG terminal development at a contaminated DuPont Chemical Site, Greenwich Township, New Jersey",Slovakia,United States,4,same_infrastructure:LNG terminal; shared_impacts:[object Object]; shared_groups:Local residents,17.107748,48.148598,-75.292667,39.829111
6749,6284,"Cove Point LNG export terminal, USA","Brunsbüttel LNG Terminal, Germany",United States,Germany,4,same_infrastructure:LNG terminal; same_status:Operating; shared_groups:Local residents,-76.410427259,38.388170036,9.188318543,53.894965175
6749,2678,"Cove Point LNG export terminal, USA","Gas grabs, Algeria",United States,Algeria,4,same_supply_role:Export / extraction; same_status:Operating; shared_groups:Local residents,-76.410427259,38.388170036,3.06,36.77
6749,6462,"Cove Point LNG export terminal, USA","NextDecade Liquid Natural Gas (LNG) Terminal, Cork, Ireland",United States,Ireland,4,same_infrastructure:LNG terminal; shared_impacts:[object Object]; shared_groups:Local residents,-76.410427259,38.388170036,-8.326987603,51.837827994
6749,5825,"Cove Point LNG export terminal, USA","Novatek's two gas fields in Yamalsky nature reserve, Yamal, Russia",United States,Russia,4,same_supply_role:Export / extraction; shared_impacts:[object Object]; shared_groups:Local residents,-76.410427259,38.388170036,70.78,68.01
7077,6749,"Floating Storage and Regasification Unit in the port of Piombino, Italy","Cove Point LNG export terminal, USA",Italy,United States,4,same_status:Operating; shared_impacts:[object Object]; shared_groups:Fishing and coastal communities|Local residents,10.559038062,42.93942814,-76.410427259,38.388170036
7077,1755,"Floating Storage and Regasification Unit in the port of Piombino, Italy","Hassi R'Mel gas field, Algeria",Italy,Algeria,4,same_status:Operating; shared_impacts:[object Object]; shared_groups:Local residents|Workers,10.559038062,42.93942814,3.271093,32.9395
6721,1755,"LNG terminal development at a contaminated DuPont Chemical Site, Greenwich Township, New Jersey","Hassi R'Mel gas field, Algeria",United States,Algeria,4,same_supply_role:Export / extraction; shared_impacts:[object Object]; shared_groups:Local residents,-75.292667,39.829111,3.271093,32.9395
6721,2585,"LNG terminal development at a contaminated DuPont Chemical Site, Greenwich Township, New Jersey","LNG Shannon terminal, Ireland",United States,Ireland,4,same_infrastructure:LNG terminal; shared_groups:Local residents; shared_companies:New Fortress Energy,-75.292667,39.829111,-9.44343,52.57947
6721,6462,"LNG terminal development at a contaminated DuPont Chemical Site, Greenwich Township, New Jersey","NextDecade Liquid Natural Gas (LNG) Terminal, Cork, Ireland",United States,Ireland,4,same_infrastructure:LNG terminal; shared_impacts:[object Object]; shared_groups:Local residents,-75.292667,39.829111,-8.326987603,51.837827994
6721,5825,"LNG terminal development at a contaminated DuPont Chemical Site, Greenwich Township, New Jersey","Novatek's two gas fields in Yamalsky nature reserve, Yamal, Russia",United States,Russia,4,same_supply_role:Export / extraction; shared_impacts:[object Object]; shared_groups:Local residents,-75.292667,39.829111,70.78,68.01
6721,4856,"LNG terminal development at a contaminated DuPont Chemical Site, Greenwich Township, New Jersey","Yamal Mega natural gas project, Arctic Russia",United States,Russia,4,same_supply_role:Export / extraction; shared_impacts:[object Object]; shared_groups:Local residents,-75.292667,39.829111,68.492,70.375
6785,1755,"Liquefied Natural Gas (LNG) Terminal in Sagunto, Spain","Hassi R'Mel gas field, Algeria",Spain,Algeria,4,same_status:Operating; shared_impacts:[object Object]; shared_groups:Local residents|Workers,-0.2152,39.6329,3.271093,32.9395
6785,6721,"Liquefied Natural Gas (LNG) Terminal in Sagunto, Spain","LNG terminal development at a contaminated DuPont Chemical Site, Greenwich Township, New Jersey",Spain,United States,4,same_infrastructure:LNG terminal; shared_impacts:[object Object]; shared_groups:Local residents,-0.2152,39.6329,-75.292667,39.829111
6785,6686,"Liquefied Natural Gas (LNG) Terminal in Sagunto, Spain","Ruwais LNG Terminal in Al Ruwais Industrial City, Abu Dhabi, United Arab Emirates",Spain,United Arab Emirates,4,same_infrastructure:LNG terminal; shared_impacts:[object Object]; shared_groups:Workers,-0.2152,39.6329,52.700810329,24.098781602
6785,4856,"Liquefied Natural Gas (LNG) Terminal in Sagunto, Spain","Yamal Mega natural gas project, Arctic Russia",Spain,Russia,4,same_status:Operating; shared_impacts:[object Object]; shared_groups:Indigenous communities|Local residents,-0.2152,39.6329,68.492,70.375
6212,4968,"Local Residents Protest Sea-3 Liquid Propane Gas Expansion, Providence, Rhode Island, USA","Protests against floating LNG terminal, Krk island, Croatia",United States,Croatia,4,same_supply_role:Broader gas / LNG context; shared_impacts:[object Object]; shared_groups:Local residents,-71.384557486,41.791048761,14.605,45.016
7023,2678,"No LNG in PVD Opposes National Grid Liquefaction Project, RI, US","Gas grabs, Algeria",United States,Algeria,4,same_supply_role:Export / extraction; same_status:Operating; shared_groups:Local residents,-71.393354675,41.797477536,3.06,36.77
7023,1755,"No LNG in PVD Opposes National Grid Liquefaction Project, RI, US","Hassi R'Mel gas field, Algeria",United States,Algeria,4,same_supply_role:Export / extraction; same_status:Operating; shared_groups:Local residents,-71.393354675,41.797477536,3.271093,32.9395
7023,5825,"No LNG in PVD Opposes National Grid Liquefaction Project, RI, US","Novatek's two gas fields in Yamalsky nature reserve, Yamal, Russia",United States,Russia,4,same_supply_role:Export / extraction; shared_groups:Indigenous communities|Local residents,-71.393354675,41.797477536,70.78,68.01
5825,2678,"Novatek's two gas fields in Yamalsky nature reserve, Yamal, Russia","Gas grabs, Algeria",Russia,Algeria,4,same_supply_role:Export / extraction; same_eu_link; shared_groups:Local residents,70.78,68.01,3.06,36.77
6949,6721,"Occupation in 2023 of Fluxys' LNG terminal in Zeebrugge, Belgium","LNG terminal development at a contaminated DuPont Chemical Site, Greenwich Township, New Jersey",Belgium,United States,4,same_infrastructure:LNG terminal; shared_impacts:[object Object]; shared_groups:Local residents,3.21622,51.352316,-75.292667,39.829111
6631,3743,"Predator's 'Mag Mell'  LNG Floating Storage and Regasification Unit (FSRU), Cork, Ireland","New Hampshire's Granite Bridge Gas Pipeline, United States",Ireland,United States,4,same_status:Planned; shared_impacts:[object Object]; shared_groups:Farmers|Local residents,-8.280944824,51.541210613,-71.0705,43.037
7241,6721,"Protests in Huelva against the use of liquefied gas, Spain","LNG terminal development at a contaminated DuPont Chemical Site, Greenwich Township, New Jersey",Spain,United States,4,same_infrastructure:LNG terminal; shared_impacts:[object Object]; shared_groups:Local residents,-6.95022583,37.251100652,-75.292667,39.829111
6686,1755,"Ruwais LNG Terminal in Al Ruwais Industrial City, Abu Dhabi, United Arab Emirates","Hassi R'Mel gas field, Algeria",United Arab Emirates,Algeria,4,same_supply_role:Export / extraction; shared_impacts:[object Object]; shared_groups:Workers,52.700810329,24.098781602,3.271093,32.9395
6686,5825,"Ruwais LNG Terminal in Al Ruwais Industrial City, Abu Dhabi, United Arab Emirates","Novatek's two gas fields in Yamalsky nature reserve, Yamal, Russia",United Arab Emirates,Russia,4,same_supply_role:Export / extraction; same_status:Planned; shared_impacts:[object Object],52.700810329,24.098781602,70.78,68.01
6463,5505,"Rügen LNG import terminal, Germany","Liquefied natural gas project -LNG 2,  Gydan peninsula, Arctic Russia",Germany,Russia,4,same_status:Under construction; shared_impacts:[object Object]; shared_groups:Fishing and coastal communities|Local residents,13.587524,54.483347,76.2,71.78
4879,1755,"Sabetta port, Arctic Russia","Hassi R'Mel gas field, Algeria",Russia,Algeria,4,same_status:Operating; same_eu_link; shared_impacts:[object Object]; shared_groups:Local residents,72.11,71.25,3.271093,32.9395
4879,4968,"Sabetta port, Arctic Russia","Protests against floating LNG terminal, Krk island, Croatia",Russia,Croatia,4,same_supply_role:Broader gas / LNG context; shared_impacts:[object Object]; shared_groups:Local residents,72.11,71.25,14.605,45.016
4847,3743,"Skulte LNG Terminal and Pipeline, Latvia","New Hampshire's Granite Bridge Gas Pipeline, United States",Latvia,United States,4,same_infrastructure:Pipeline; same_status:Planned; shared_groups:Local residents,24.395828247,57.316325944,-71.0705,43.037
7048,1755,"Washington Park and South Providence Residents Oppose Allens Avenue Waste Transfer Station, RI, USA","Hassi R'Mel gas field, Algeria",United States,Algeria,4,same_supply_role:Export / extraction; shared_impacts:[object Object]; shared_groups:Local residents,-71.400876019,41.800615525,3.271093,32.9395
7048,5825,"Washington Park and South Providence Residents Oppose Allens Avenue Waste Transfer Station, RI, USA","Novatek's two gas fields in Yamalsky nature reserve, Yamal, Russia",United States,Russia,4,same_supply_role:Export / extraction; shared_impacts:[object Object]; shared_groups:Local residents,-71.400876019,41.800615525,70.78,68.01
7048,4856,"Washington Park and South Providence Residents Oppose Allens Avenue Waste Transfer Station, RI, USA","Yamal Mega natural gas project, Arctic Russia",United States,Russia,4,same_supply_role:Export / extraction; shared_impacts:[object Object]; shared_groups:Local residents,-71.400876019,41.800615525,68.492,70.375
