article_id,apa_reference,doi,journal,year,scopus_q1_verified,quartile_verification_source,pdf_downloaded,exact_phrase,page_or_section,theme_code,why_it_matters_for_chapter,target_chapter_section
CLUSTER_A_CAMINO_ROUTES_001,"Amaro, S., Antunes, A., & Henriques, C. (2018). A closer look at Santiago de Compostela's pilgrims through the lens of motivations. Tourism Management. DOI: 10.1016/j.tourman.2017.09.007",10.1016/j.tourman.2017.09.007,Tourism Management,2018,Yes,"SCImago Tourism, Leisure and Hospitality Management ranking for 2018 shows Tourism Management as Q1; verified 2026-04-06.",Yes,"The results indicate that pilgrims are mostly motivated by spiritual aspects, by wanting new experiences and for the nature and sports experience. Interestingly, religious motivations are the least important.",Abstract,PILG,Supports the benchmark-side discussion of diversified user motivations and the visitor-experience dimension later proposed for the Camino de Lengerke.,Introduction; Results and Discussion; Table 4
CLUSTER_A_CAMINO_ROUTES_003,"Mroz, F. (2021). The Impact of COVID-19 on Pilgrimages and Religious Tourism in Europe During the First Six Months of the Pandemic. Journal of Religion and Health. DOI: 10.1007/s10943-021-01201-0",10.1007/s10943-021-01201-0,Journal of Religion and Health,2021,Yes,SCImago Religious Studies ranking shows Journal of Religion and Health as Q1; verified 2026-04-06 using latest available Scopus-based profile data.,Yes,Research results have shown that the tourism and pilgrimage movement to the analysed shrines decreased by 90–95% during the first six months of the pandemic.,Abstract,RES,Supports the benchmark-side discussion of resilience and external shocks affecting pilgrimage routes.,Introduction; Results and Discussion; Table 3
CLUSTER_B_SUSTAINABLE_DEVELOPMENT_005,"Buckley, R. (2012). Sustainable tourism: Research and reality. Annals of Tourism Research. DOI: 10.1016/j.annals.2012.02.003",10.1016/j.annals.2012.02.003,Annals of Tourism Research,2012,Yes,"SCImago Tourism, Leisure and Hospitality Management ranking for 2012 shows Annals of Tourism Research as Q1; verified 2026-04-06.",Yes,"Of the ~5000 relevant publications, very few attempt to evaluate the entire global tourism sector in terms which reflect global research in sustainable development. The industry is not yet close to sustainability.",Abstract,SUST,Anchors the chapter's caution against idealized uses of the sustainable tourism label and helps define the sustainability gap in the Colombian case.,Introduction; Results and Discussion; Table 3
CLUSTER_B_SUSTAINABLE_DEVELOPMENT_006,"Liu, Z. (2003). Sustainable Tourism Development: A Critique. Journal of Sustainable Tourism. DOI: 10.1080/09669580308667216",10.1080/09669580308667216,Journal of Sustainable Tourism,2003,Yes,"SCImago Tourism, Leisure and Hospitality Management ranking for 2003 shows Journal of Sustainable Tourism as Q1; verified 2026-04-06.",Yes,"the sustainable tourism debate is patchy, disjointed and often flawed with false assumptions and arguments.",Abstract,SUST,Supports a critical and non-rhetorical definition of sustainable tourism and justifies treating the Lengerke case as a gap problem rather than a promotional narrative.,Introduction; Results and Discussion; Table 3
CLUSTER_B_SUSTAINABLE_DEVELOPMENT_007,"Aas, C., Ladkin, A., & Fletcher, J. (2005). Stakeholder collaboration and heritage management. Annals of Tourism Research. DOI: 10.1016/j.annals.2004.04.005",10.1016/j.annals.2004.04.005,Annals of Tourism Research,2005,Yes,SCImago journal history and category rankings show Annals of Tourism Research in Q1 across the relevant tourism and development categories; verified 2026-04-06.,Yes,The purpose is to examine stakeholder collaboration and management roles as well as the interdependence of the heritage conservation and tourism development.,Abstract,GOV,Provides direct support for treating the Camino de Lengerke as a governance problem linking conservation and tourism rather than as a standalone heritage narrative.,Introduction; Results and Discussion; Table 4
CLUSTER_C_COMPETITIVENESS_VALUE_CREATION_008,Technological disruptions in services: lessons from tourism and hospitality. (2019). Journal of Service Management. DOI: 10.1108/JOSM-12-2018-0398,10.1108/JOSM-12-2018-0398,Journal of Service Management,2019,Yes,"SCImago profile shows Journal of Service Management as Q1 in Tourism, Leisure and Hospitality Management and Strategy and Management for 2024; verified 2026-04-06. This is current-profile verification, not article-year-specific 2019 quartile.",Yes,"Technological disruptions such as the Internet of Things and autonomous devices, enhanced analytical capabilities (artificial intelligence) and rich media (virtual and augmented reality) are creating smart environments that are transforming industry structures, processes and practices.",Abstract,COMP,"Supports the competitiveness argument by linking technology disruption, service ecosystems, and value co-creation in tourism and hospitality.",Results and Discussion
CLUSTER_C_COMPETITIVENESS_VALUE_CREATION_009,"Buhalis, D. (2020). Technology in tourism-from information communication technologies to eTourism and smart tourism towards ambient intelligence tourism: A perspective article. Tourism Review. DOI: 10.1108/TR-06-2019-0258",10.1108/TR-06-2019-0258,Tourism Review,2020,Yes,"SCImago profile shows Tourism Review as Q1 in Tourism, Leisure and Hospitality Management and Geography, Planning and Development for 2024; verified 2026-04-06. This is current-profile verification, not article-year-specific 2020 quartile.",Yes,Technology revolutionises the tourism industry and determines the strategy and competitiveness of tourism organizations and destinations.,Introduction,COMP,Supports the digital-competitiveness discussion and the argument that route information and visibility are part of sustainability conditions.,Results and Discussion; Table 3; Table 4
CLUSTER_A_CAMINO_ROUTES_011,"Sati, V. P. (2026). Tourism and livelihood sustainability in the Garhwal Himalaya. Discover Sustainability. DOI: 10.1007/s43621-025-02433-w",10.1007/s43621-025-02433-w,Discover Sustainability,2026,Yes,"SCImago profile shows Discover Sustainability as Q1 in Geography, Planning and Development for 2024; verified 2026-04-06. This is current-profile verification, not article-year-specific 2026 quartile.",Yes,"Tourism, particularly pilgrimage tourism, in the Garhwal Himalaya is a centuries-old practice. It contributes significantly to enhancing employment, income, and livelihood, as many people are engaged in it.",Abstract,VALUE,Supports the benchmark-side claim that pilgrimage routes can connect route use with livelihood sustainability and distributed local value.,Introduction; Results and Discussion; Table 3; Table 4
CLUSTER_A_CAMINO_ROUTES_015,"The Kingdom of Pepper and Colonial Resistance: Transforming Historical and Cultural Heritage into a Source of Sustainable Tourism in Aceh, Indonesia. (2025). International Journal of Conservation Science. DOI: 10.36868/IJCS.2025.04.22",10.36868/IJCS.2025.04.22,International Journal of Conservation Science,2025,,,Yes,,,,,
CLUSTER_A_CAMINO_ROUTES_016,"Grocutt, S., & Wood, C. (2025). Walking with purpose: Eight solo women's pilgrimage hiking and wellbeing experiences on the Via Francigena. Journal of Outdoor Recreation and Tourism, 52, 100943. DOI: 10.1016/j.jort.2025.100943",10.1016/j.jort.2025.100943,Journal of Outdoor Recreation and Tourism,2025,,,Yes,"The study concludes that solo pilgrimage walking improved participants sense of wellbeing by building identity and resilience, and that the search for community was an important part of solo pilgrimage walking experience.",Abstract,PILG,"Supports the benchmark-side discussion of wellbeing, resilience, and community-seeking outcomes in contemporary pilgrimage walking.","Introduction; Results and Discussion; Table 4"
CLUSTER_A_CAMINO_ROUTES_018,"Kuniyal, J. C., Maiti, P., Kanwar, N., Dhyani, R., & Nand, M. (2025). Carrying capacity and strategic planning for sustainable tourism practices in the Char Dham from the Western Himalaya, India. Scientific Reports, 15, 36340. DOI: 10.1038/s41598-025-20166-8",10.1038/s41598-025-20166-8,Scientific Reports,2025,Yes,"SCImago journal profile shows Scientific Reports as Q1 in Multidisciplinary for SJR 2024; verified 2026-04-06. This is current-profile verification, not article-year-specific 2025 quartile.",Yes,The work provides a comprehensive framework aiming at sustainable tourism harmonizing with local economies and surrounding environment.,Abstract,METH,Supports the benchmark-side discussion of carrying capacity route limits and sustainable planning in pilgrimage destinations.,Introduction; Results and Discussion; Table 4
CLUSTER_A_CAMINO_ROUTES_019,"Gong, L., Greenop, K., Keys, C., & Landorf, C. (2025). Digital reconstruction and representation of the Sino-Korean Tribute Routes using Geographic Information Systems. Heritage Science. DOI: 10.1038/s40494-025-01689-9",10.1038/s40494-025-01689-9,Npj Heritage Science,2025,Yes,"SCImago profile shows Heritage Science as Q1 in Archeology and Conservation for 2024; verified 2026-04-06. This is current-profile verification, not article-year-specific 2025 quartile.",Yes,"Digital technologies offer a new approach, enabling the reconstruction and visualisation of damaged or intangible segments.",Abstract,METH,Supports the argument that subdocumented routes such as the Camino de Lengerke may require digital reconstruction and improved documentary interfaces.,Results and Discussion; Table 3
CLUSTER_A_CAMINO_ROUTES_020,"Xie, Z., Fang, J., Wang, L., Wang, G., & Wang, S. (2025). Construction of architectural heritage corridors in the Hubei section of the Tea Road. Heritage Science. DOI: 10.1038/s40494-025-01770-3",10.1038/s40494-025-01770-3,Npj Heritage Science,2025,Yes,"SCImago profile shows Heritage Science as Q1 in Archeology and Conservation for 2024; verified 2026-04-06. This is current-profile verification, not article-year-specific 2025 quartile.",Yes,"This paper introduces heritage corridors for architectural conservation, establishing a resource evaluation and grading system using the Analytic Hierarchy Process.",Abstract,METH,Supports corridor-based and network-based approaches to heritage-route conservation and planning in the Camino de Lengerke discussion.,Results and Discussion; Table 3
CLUSTER_B_SUSTAINABLE_DEVELOPMENT_022,Spatial potential evaluation of ecotourism resources and functional zoning in the Qinghai lake basin. (2026). Scientific Reports. DOI: 10.1038/s41598-025-34289-5,10.1038/s41598-025-34289-5,Scientific Reports,2026,,,Yes,,,,,
CLUSTER_B_SUSTAINABLE_DEVELOPMENT_023,"Fan, J., Huang, Z., & Zhang, B. (2026). Designing a traditional village cluster protection-utilization system via complex network analysis: Qiandongnan case study. Heritage Science. DOI: 10.1038/s40494-026-02311-2",10.1038/s40494-026-02311-2,Npj Heritage Science,2026,Yes,"SCImago profile shows Heritage Science as Q1 in Archeology and Conservation for 2024; verified 2026-04-06. This is current-profile verification, not article-year-specific 2026 quartile.",Yes,"The proposed framework integrates spatial optimization algorithms with adaptive reuse protocols, achieving 23% greater resource efficiency than conventional approaches while balancing preservation and sustainable tourism.",Abstract,GOV,Supports the claim that coordinated heritage systems outperform isolated interventions and informs the Lengerke sustainability-gap discussion.,Results and Discussion; Table 3
CLUSTER_B_SUSTAINABLE_DEVELOPMENT_024,"Duyen, T. N. L., Han, T. T., Anh, H. H., Hieu, N. V., Chi, N. C., Tien, N. D., & Trinh, N. T. T. (2026). Place oriented human settlement value assessment in the world heritage Trang An landscape complex. Discover Sustainability. DOI: 10.1007/s43621-026-02714-y",10.1007/s43621-026-02714-y,Discover Sustainability,2026,Yes,"SCImago profile shows Discover Sustainability as Q1 in Geography, Planning and Development for 2024; verified 2026-04-06. This is current-profile verification, not article-year-specific 2026 quartile.",Yes,"Findings indicate that properties in proximity to cultural and natural landmarks exhibit higher values, emphasizing the economic importance of heritage preservation in supporting local economies.",Abstract,VALUE,Supports the place-based development argument by linking heritage designation with local economic value and the potential territorial effects of the Camino de Lengerke.,Results and Discussion; Table 3; Table 4
CLUSTER_B_SUSTAINABLE_DEVELOPMENT_026,Evaluating key indicators for sustained environmental campaigns through a community based tourism social policy model. (2026). Discover Sustainability. DOI: 10.1007/s43621-025-02432-x,10.1007/s43621-025-02432-x,Discover Sustainability,2026,,,Yes,,,,,
CLUSTER_B_SUSTAINABLE_DEVELOPMENT_027,High-resolution regional climate projections and tourism impacts in the Macaronesian archipelagos. (2026). Scientific Reports. DOI: 10.1038/s41598-026-43092-9,10.1038/s41598-026-43092-9,Scientific Reports,2026,,,Yes,,,,,
CLUSTER_B_SUSTAINABLE_DEVELOPMENT_030,"Kabbara, N., El Hajj, B., & Baba, I. (2026). Advancing sustainable tourism in Lebanon through hotel sustainability practices and stakeholder collaboration toward achieving sustainable development goals. Discover Sustainability. DOI: 10.1007/s43621-025-02454-5",10.1007/s43621-025-02454-5,Discover Sustainability,2026,Yes,"SCImago profile shows Discover Sustainability as Q1 in Geography, Planning and Development for 2024; verified 2026-04-06. This is current-profile verification, not article-year-specific 2026 quartile.",Yes,"Findings reveal that hotels are implementing various economic, social, and environmental practices but continue to face significant challenges related to resource constraints, policy gaps, and stakeholder coordination.",Abstract,GOV,Provides a comparator example of implementation barriers that remain relevant for the governance discussion in the Camino de Lengerke case.,Results and Discussion; Table 3; Table 4
CLUSTER_C_COMPETITIVENESS_VALUE_CREATION_032,"Abreu, C., Marques, C., & Goncalves Pereira, H. (2026). Business models for nature-based tourism companies: The adoption of sustainable requirements. Journal of Rural Studies. DOI: 10.1016/j.jrurstud.2026.104102",10.1016/j.jrurstud.2026.104102,Journal of Rural Studies,2026,Yes,"SCImago Development category listing shows Journal of Rural Studies as Q1 with SJR 2024; verified 2026-04-06. This is current-profile verification, not article-year-specific 2026 quartile.",Yes,"Nature-based tourism is increasingly recognised as a strategic segment within the tourism sector, often dominated by small and family-owned enterprises.",Abstract,VALUE,"Supports the chapter's alignment with local value creation, small-business opportunities, and competitiveness in route-based tourism systems.",Results and Discussion; Table 3; Table 4
CLUSTER_C_COMPETITIVENESS_VALUE_CREATION_034,"Huang, J., Ling, W., Ye, S., Khan, R., & Lai, Q. (2026). How digital infrastructure supports emerging forms of urban digital tourism in China. PLOS ONE. DOI: 10.1371/journal.pone.0343903",10.1371/journal.pone.0343903,Plos One,2026,Yes,"SCImago profile shows PLoS ONE as Q1 in Multidisciplinary for 2024; verified 2026-04-06. This is current-profile verification, not article-year-specific 2026 quartile.",Yes,"digital infrastructure development can facilitate the development of emerging forms for urban digital tourism entrepreneurship.",Abstract,COMP,"Supports the argument that digital infrastructure can reshape tourism entrepreneurship, route visibility, and destination innovation.",Results and Discussion; Table 3; Table 4
CLUSTER_C_COMPETITIVENESS_VALUE_CREATION_035,"Altinay, L., Vatankhah, S., De Vita, G., & Arici, H. E. (2026). Could AI technologies be harnessed to break down barriers to inclusivity for women entrepreneurship in tourism? Tourism Management. DOI: 10.1016/j.tourman.2025.105285",10.1016/j.tourman.2025.105285,Tourism Management,2026,Yes,"SCImago profile shows Tourism Management as Q1 in Tourism, Leisure and Hospitality Management and Development for 2024; verified 2026-04-06. This is current-profile verification, not article-year-specific 2026 quartile.",Yes,"By integrating Rawls perspective the study offers a novel analytical lens for understanding how responsible AI can foster a more just and equitable entrepreneurial ecosystem for women in tourism, and for evaluating attendant strategies contributing to sustainable and inclusive growth.",Abstract,COMP,Background comparator on inclusive entrepreneurship in tourism; removed from the current draft after the relevance review because it was more peripheral to the route argument.,Background only
CLUSTER_C_COMPETITIVENESS_VALUE_CREATION_038,Creative tourism for the development of tourism entrepreneurship in Latin America. (2026). Multidisciplinary Reviews. DOI: 10.31893/multirev.2026018,10.31893/multirev.2026018,Multidisciplinary Reviews,2026,,,Yes,,,,,
CLUSTER_D_ROUTE_METHODOLOGY_041,"Mansourihanis, O., Soltani, A., & Roohani Qadikolaei, M. (2026). Promoting sustainable urban tourism in Historic Sari, Iran through GIS-based walkability planning. Scientific Reports. DOI: 10.1038/s41598-024-63807-0",10.1038/s41598-024-63807-0,Scientific Reports,2026,Yes,"SCImago profile shows Scientific Reports as Q1 in Multidisciplinary for 2024; verified 2026-04-06. This is current-profile verification, not article-year-specific 2026 quartile.",Yes,"By utilizing GIS route optimization and modeling exclusive pedestrian networks, this article seeks to improve walkability and promote tourism.",Abstract,METH,Shows how recent route studies operationalize sustainability through walkability and route optimization rather than isolated attractions.,Results and Discussion; Table 3; Table 4
CLUSTER_D_ROUTE_METHODOLOGY_042,"Enhancing low-carbon tourism based on local resources and carbon footprint assessment of community tourism routes in Ban Rak Thai, Mae Hong Son. (2026). Multidisciplinary Science Journal. DOI: 10.31893/multiscience.2026238",10.31893/multiscience.2026238,Multidisciplinary Science Journal,2026,,,Yes,,,,,
CLUSTER_D_ROUTE_METHODOLOGY_043,"Akay, S. S. (2026). Cultural-gastronomic GIS-based routes for planning efficient urban tourism. Geojournal of Tourism and Geosites, 64(1), 29-39. DOI: 10.30892/gtg.64103-1653",10.30892/gtg.64103-1653,Geojournal of Tourism and Geosites,2026,,,Yes,"GIS stands out as a strategic tool in tourism management, offering significant opportunities to ensure the sustainability of tourism in cities with high tourism potential like Gaziantep.",Abstract,METH,Supports the discussion of GIS-based route sequencing congestion management and spatial-operational competitiveness.,Results and Discussion; Table 4
CLUSTER_D_ROUTE_METHODOLOGY_044,From suitability to vulnerability: A GIS-based framework for assessing environmental sensitivity of mountain tourism landscapes in the Ukrainian Carpathians. (2026). Journal of the Bulgarian Geographical Society. DOI: 10.3897/jbgs.e177296,10.3897/jbgs.e177296,Journal of the Bulgarian Geographical Society,2026,,,Yes,,,,,
CLUSTER_D_ROUTE_METHODOLOGY_045,"TOURISM ROUTE DEVELOPMENT USING ASSOCIATION RULE MINING AND GOOGLE MAPS IN SONGKHLA, THAILAND. (2026). Geojournal of Tourism and Geosites. DOI: 10.30892/gtg.64140-1691",10.30892/gtg.64140-1691,Geojournal of Tourism and Geosites,2026,,,Yes,,,,,
CLUSTER_D_ROUTE_METHODOLOGY_047,Integrating GIS into Sustainable Tourism Strategies. (2025). Interdisciplinary Journal of Research and Development. DOI: 10.56345/ijrdv12n3s123,10.56345/ijrdv12n3s123,Interdisciplinary Journal of Research and Development,2025,,,Yes,,,,,
CLUSTER_D_ROUTE_METHODOLOGY_048,"Zou, H., Zhang, G., Sun, C., Landrum, L., Tang, Y., Hu, Y., Cheng, W., & Li, A. (2025). Thematic cultural heritage tourism trail planning integrating multi-source data and machine learning in Wuhan China. Heritage Science. DOI: 10.1038/s40494-025-02081-3",10.1038/s40494-025-02081-3,Npj Heritage Science,2025,Yes,"SCImago profile shows Heritage Science as Q1 in Archeology and Conservation for 2024; verified 2026-04-06. This is current-profile verification, not article-year-specific 2025 quartile.",Yes,"Cultural heritage tourism faces challenges in route planning, including weak data-mining capacity, limited multi-indicator evaluation, and inefficiencies in traditional pathfinding.",Abstract,METH,Supports the argument that route governance and planning require explicit methodological tools and helps specify the Lengerke operability gap.,Results and Discussion; Table 3
CLUSTER_E_HERITAGE_RURAL_GOVERNANCE_051,Building Destination Brand Equity Teba Majalangu as a Subak-based Agrotourism in the Urban Area of Bali Province. (2026). African Journal of Food Agriculture Nutrition and Development. DOI: 10.18697/ajfand.149.26390,10.18697/ajfand.149.26390,African Journal of Food Agriculture Nutrition and Development,2026,,,Yes,,,,,
CLUSTER_E_HERITAGE_RURAL_GOVERNANCE_052,Climate threat and adaptation strategies in Cappadocia: A comparative analysis for Nevsehir. (2026). Environmental Research and Technology. DOI: 10.35208/ert.1612226,10.35208/ert.1612226,Environmental Research and Technology,2026,,,Yes,,,,,
CLUSTER_E_HERITAGE_RURAL_GOVERNANCE_053,"Liu, Y., Subramaniam, T., Konar, R., Fuchs, K., Kunasekaran, P., & Ragavan, N. A. (2026). Community resident and sustainable cultural heritage tourism development: A systematic literature review using PRISMA. Tourism. DOI: 10.37741/t.74.1.6",10.37741/t.74.1.6,Tourism,2026,,,Yes,Residents are key stakeholders in sustainable tourism development and play an essential role in tourism growth.,Abstract,GOV,"Useful source for community support, resident participation, and sustainable cultural heritage tourism governance.",Results and Discussion; Table 3; Table 4
CLUSTER_E_HERITAGE_RURAL_GOVERNANCE_054,Gentrificacion y gentrificabilidad: propuesta para su medicion en el caso del Centro Historico de Bogota. (2026). Investigaciones Geograficas. DOI: 10.14198/INGEO.29617,10.14198/INGEO.29617,Investigaciones Geograficas,2026,,,Yes,,,,,
REQUIRED_INCLUDE_056,"Duarte-Duarte, J. B., Talero-Sarmiento, L. H., & Rodriguez-Padilla, D. C. (2021). Methodological proposal for the identification of tourist routes in a particular region through clustering techniques. Heliyon. DOI: 10.1016/j.heliyon.2021.e06655",10.1016/j.heliyon.2021.e06655,Heliyon,2021,Yes,SCImago profile shows Heliyon as Q1 in Multidisciplinary for 2021; verified 2026-04-06.,Yes,We propose a methodology to identify tourist routes that integrate the most important Points Of Interest in a region taking up as criteria profile characteristics in common between the sites evaluated using clustering techniques.,Abstract,METH,Directly relevant methodological source from Colombia and the main bridge between the benchmark literature and the Lengerke case.,Introduction; Methodology; Results and Discussion; Table 4
